epoch,train_loss_total,train_loss_lesion,train_loss_lesion_dense,train_loss_lesion_sparse,train_loss_lesion_sys,em_w_lesion_dense,em_w_lesion_sparse,em_w_lesion_sys,active_lesion_dense,active_lesion_sparse,active_lesion_sys,train_loss_num_batches,train_loss_num_cases,train_loss_dense_cases,train_loss_sparse_cases,train_loss_sparse_voxels,train_loss_sys_cases,train_loss_sys_regions,val_loss_total,val_loss_lesion,val_loss_lesion_dense,val_loss_lesion_sparse,val_loss_lesion_sys,val_lesion_dice,val_lesion_f1,val_lesion_sens,val_lesion_spec,val_patient_bacc,val_patient_sens,val_patient_spec,val_patient_auc,val_patient_auprc,val_patient_n,val_region_bacc,val_region_sens,val_region_spec,val_region_auc,val_region_auprc,val_region_n,val_loss_num_batches,val_loss_num_cases,val_loss_dense_cases,val_loss_sparse_cases,val_loss_sparse_voxels,val_loss_sys_cases,val_loss_sys_regions,best_model_metric_name,use_em_weighting,use_logvar_clamp,use_curriculum,em_lr_multiplier,lesion_dense_enabled_this_epoch,lesion_sparse_enabled_this_epoch,lesion_sys_enabled_this_epoch
1,0.835511826,0.836316313,1.070269513,0,0,0.965388003,0,0,0.78245614,0,0,285,1139,348,0,0,0,0,0.309793633,0.309691938,1.003789604,0,0,0.1663314,0.20642984,0.255653764,0.988337287,0.680952381,0.733333333,0.628571429,0.755079365,0.84380332,285,0.502819056,0.027272727,0.978365385,0.508440778,0.077208433,1774,72,285,87,0,0,0,0,composite,1,1,1,10,1,0,0
2,0.731222991,0.731386053,0.970794503,0,0,1.001829693,0,0,0.754385965,0,0,285,1139,348,0,0,0,0,0.291588751,0.292007701,0.946563675,0,0,0.217067647,0.245104027,0.396072653,0.98137082,0.530555556,0.994444444,0.066666667,0.635026455,0.730866706,285,0.51715472,0.363636364,0.670673077,0.516209572,0.082488992,1774,72,285,87,0,0,0,0,composite,1,1,1,10,1,0,0
3,0.728199094,0.729757303,0.935723372,0,0,1.05141754,0,0,0.778947368,0,0,285,1139,348,0,0,0,0,0.282148164,0.283212573,0.918801569,0,0,0.226567668,0.259589192,0.389350906,0.984124986,0.61468254,0.905555556,0.323809524,0.721798942,0.785274788,285,0.55541958,0.245454545,0.865384615,0.510342002,0.079139382,1774,72,285,87,0,0,0,0,composite,1,1,1,10,1,0,0
4,0.693805502,0.698407141,0.902939784,0,0,1.096267847,0,0,0.78245614,0,0,285,1139,348,0,0,0,0,0.271863002,0.273966056,0.889171466,0,0,0.245027072,0.274530697,0.391741508,0.985353594,0.533730159,0.972222222,0.095238095,0.654814815,0.7409863,285,0.545022946,0.345454545,0.744591346,0.521399694,0.081550654,1774,72,285,87,0,0,0,0,composite,1,1,1,10,1,0,0
5,0.646861509,0.652816881,0.88120301,0,0,1.125844374,0,0,0.743859649,0,0,285,1139,348,0,0,0,0,0.263327175,0.26647482,0.863055277,0,0,0.263856721,0.295114708,0.294296168,0.99402456,0.504761905,0.933333333,0.076190476,0.696560847,0.813211238,285,0.517559003,0.245454545,0.789663462,0.508287806,0.078834749,1774,72,285,87,0,0,0,0,composite,1,1,1,10,1,0,0
6,0.654455344,0.66152984,0.866441709,0,0,1.146795466,0,0,0.761403509,0,0,285,1139,348,0,0,0,0,0.258439873,0.262212363,0.85049996,0,0,0.268901786,0.296337882,0.501570125,0.980917194,0.494444444,0.988888889,0,0.597328042,0.703525196,285,0.510134397,0.409090909,0.611177885,0.510850087,0.070084633,1774,72,285,87,0,0,0,0,composite,1,1,1,10,1,0,0
7,0.643921915,0.654902369,0.838261663,0,0,1.161192218,0,0,0.778947368,0,0,285,1139,348,0,0,0,0,0.253447598,0.25811412,0.835773644,0,0,0.279108419,0.31951205,0.391084491,0.990157465,0.503968254,0.922222222,0.085714286,0.66973545,0.763011862,285,0.514368444,0.272727273,0.756009615,0.502097902,0.073087872,1774,72,285,87,0,0,0,0,composite,1,1,1,10,1,0,0
8,0.625898978,0.637705473,0.829307036,0,0,1.188959984,0,0,0.764912281,0,0,285,1139,348,0,0,0,0,0.247609384,0.253253862,0.821596087,0,0,0.290704887,0.337302608,0.414172222,0.989874233,0.51031746,0.944444444,0.076190476,0.684391534,0.763918527,285,0.554228584,0.390909091,0.717548077,0.558047421,0.077637675,1774,72,285,87,0,0,0,0,composite,1,1,1,10,1,0,0
9,0.659108178,0.673542428,0.824610702,0,0,1.20393226,0,0,0.81754386,0,0,285,1139,348,0,0,0,0,0.247192041,0.252938184,0.820300774,0,0,0.293309034,0.332402418,0.385537165,0.991179788,0.505555556,0.944444444,0.066666667,0.706084656,0.805653505,285,0.543629808,0.3,0.787259615,0.550803103,0.080486683,1774,72,285,87,0,0,0,0,composite,1,1,1,10,1,0,0
10,1.773961413,1.769504279,0.978257437,1.028269718,0,1.124656949,0.990670233,0,0.771929825,0.985964912,0,285,1139,348,783,772522,0,0,0.949850855,0.951456568,0.89065328,0.958999952,0,0.223831851,0.277528862,0.284024357,0.992877005,0.670634921,0.788888889,0.552380952,0.766402116,0.875858701,285,0.501316652,0.027272727,0.975360577,0.563931381,0.098359063,1774,72,285,87,193,177463,0,0,composite,1,1,1,10,1,1,0
11,1.580707258,1.589964406,0.854790279,0.929591154,0,1.115998821,1.008649728,0,0.771929825,0.978947368,0,285,1139,348,781,772522,0,0,0.925897306,0.930912627,0.837403696,0.954525178,0,0.276892131,0.31220789,0.412499479,0.98794907,0.702380952,0.766666667,0.638095238,0.777301587,0.880727916,285,0.524420892,0.090909091,0.957932692,0.593684441,0.115748938,1774,72,285,87,193,177463,0,0,composite,1,1,1,10,1,1,0
12,1.5715975,1.585325006,0.82630815,0.93581278,0,1.183375784,1.024993338,0,0.778947368,0.985964912,0,285,1139,348,780,772522,0,0,0.908906288,0.915661746,0.817665244,0.942079559,0,0.303377853,0.344727841,0.429191774,0.990382672,0.707539682,0.538888889,0.876190476,0.76015873,0.875202715,285,0.511909965,0.045454545,0.978365385,0.587723995,0.094767496,1774,72,285,87,193,177463,0,0,composite,1,1,1,10,1,1,0
13,1.516909304,1.532077167,0.827675811,0.914191981,0,1.200140231,1.045417685,0,0.754385965,0.98245614,0,285,1139,348,781,772522,0,0,0.908213995,0.91544006,0.815996291,0.94493429,0,0.297292361,0.335398761,0.49318699,0.986237918,0.696428571,0.583333333,0.809523809,0.775661376,0.881636305,285,0.519536713,0.072727273,0.966346154,0.583866914,0.104646633,1774,72,285,87,193,177463,0,0,composite,1,1,1,10,1,1,0
14,1.533679704,1.550500266,0.814401834,0.916667271,0,1.219038491,1.059104561,0,0.761403509,0.992982456,0,285,1139,348,782,772522,0,0,0.910014482,0.916077398,0.842474883,0.931690068,0,0.281804263,0.309759103,0.603079047,0.976567299,0.548809524,0.916666667,0.180952381,0.771058201,0.88045832,285,0.531900131,0.154545455,0.909254808,0.621033654,0.107682175,1774,72,285,87,193,177463,0,0,composite,1,1,1,10,1,1,0
15,1.491987228,1.510265447,0.810667062,0.911475863,0,1.221430153,1.074288088,0,0.754385965,0.978947368,0,285,1139,348,783,772522,0,0,0.892521678,0.901199697,0.80870685,0.927318612,0,0.316275286,0.353407607,0.509223972,0.987102796,0.711904762,0.633333333,0.79047619,0.784338624,0.887960587,285,0.513975087,0.036363636,0.991586538,0.633143029,0.118848161,1774,72,285,87,193,177463,0,0,composite,1,1,1,10,1,1,0
16,1.484240687,1.506786214,0.79959705,0.912200286,0,1.236613472,1.080944953,0,0.757894737,0.98245614,0,285,1139,348,781,772522,0,0,0.891122057,0.900261921,0.801916542,0.92814253,0,0.311120423,0.348417221,0.570705169,0.983383473,0.651984127,0.827777778,0.476190476,0.782804233,0.886969435,285,0.51254917,0.054545455,0.970552885,0.62852382,0.110126637,1774,72,285,87,193,177463,0,0,composite,1,1,1,10,1,1,0
17,1.517090837,1.539143151,0.795447496,0.907442794,0,1.254353305,1.084119586,0,0.789473684,0.989473684,0,285,1139,348,782,772522,0,0,0.890924559,0.900561228,0.791231029,0.930619493,0,0.316013529,0.361385798,0.393262967,0.992785696,0.668650794,0.794444444,0.542857143,0.783968254,0.888116037,285,0.515854458,0.054545455,0.977163462,0.6348066,0.109692641,1774,72,285,87,193,177463,0,0,composite,1,1,1,10,1,1,0
18,1.468484469,1.490551125,0.792736582,0.90484878,0,1.256750354,1.087564593,0,0.747368421,0.978947368,0,285,1139,348,779,772522,0,0,0.880689355,0.891709818,0.779595782,0.92360111,0,0.328340552,0.37106923,0.429404343,0.991796291,0.640873016,0.872222222,0.409523809,0.786507937,0.890002902,285,0.52498361,0.081818182,0.968149038,0.648989292,0.113502962,1774,72,285,87,193,177463,0,0,composite,1,1,1,10,1,1,0
19,1.470162945,1.494466714,0.783303653,0.905648459,0,1.264283785,1.096918562,0,0.761403509,0.985964912,0,285,1139,348,782,772522,0,0,0.897685034,0.905148132,0.822811511,0.926542994,0,0.312108819,0.362687016,0.391387456,0.993056983,0.687698413,0.727777778,0.647619048,0.796137566,0.894091286,285,0.5,0,1,0.63630354,0.10759104,1774,72,285,87,193,177463,0,0,composite,1,1,1,10,1,1,0
20,1.450520324,1.472909983,0.78311663,0.901437457,0,1.264172817,1.093782748,0,0.726315789,0.98245614,0,285,1139,348,782,772522,0,0,0.886024842,0.895941174,0.793512226,0.924871996,0,0.314791572,0.356637172,0.458679902,0.989465106,0.577380952,0.983333333,0.171428571,0.793809524,0.89163603,285,0.543280157,0.145454545,0.941105769,0.646593641,0.118156374,1774,72,285,87,193,177463,0,0,composite,1,1,1,10,1,1,0
21,1.476747378,1.505416526,0.778300022,0.89887288,0,1.276131256,1.084865529,0,0.792982456,0.98245614,0,285,1139,348,782,772522,0,0,0.886532971,0.896108858,0.797277468,0.925540676,0,0.308380161,0.34910759,0.339887569,0.994594779,0.717857143,0.75,0.685714286,0.79984127,0.896406976,285,0.510631556,0.027272727,0.993990385,0.655741914,0.12532395,1774,72,285,87,193,177463,0,0,composite,1,1,1,10,1,1,0
22,1.442996063,1.47043314,0.771325682,0.898751073,0,1.284064629,1.100979778,0,0.761403509,0.971929825,0,285,1139,348,779,772522,0,0,0.880774915,0.891810179,0.778768624,0.924738394,0,0.327592766,0.370492671,0.462415641,0.990312384,0.61984127,0.811111111,0.428571429,0.763756614,0.877711911,285,0.518673514,0.081818182,0.955528846,0.648147946,0.109323221,1774,72,285,87,193,177463,0,0,composite,1,1,1,10,1,1,0
23,1.455184773,1.485706222,0.764376953,0.897518649,0,1.308034356,1.100393331,0,0.775438596,0.985964912,0,285,1139,348,780,772522,0,0,0.888105948,0.898151937,0.783958153,0.929535491,0,0.325229905,0.364955116,0.523488269,0.98707457,0.655555556,0.844444444,0.466666667,0.791005291,0.887645529,285,0.529906031,0.109090909,0.950721154,0.647546984,0.116686995,1774,72,285,87,193,177463,0,0,composite,1,1,1,10,1,1,0
24,1.460498684,1.490026941,0.76525436,0.896236414,0,1.30027962,1.107514259,0,0.778947368,0.985964912,0,285,1139,348,781,772522,0,0,0.880963456,0.891557715,0.786577914,0.920698087,0,0.318852805,0.364769519,0.346474961,0.995040436,0.670634921,0.855555556,0.485714286,0.797619048,0.893107339,285,0.518973995,0.081818182,0.956129808,0.673120629,0.119882295,1774,72,285,87,193,177463,0,0,composite,1,1,1,10,1,1,0
25,1.45343743,1.478727261,0.764637042,0.896967408,0,1.302182034,1.099699319,0,0.740350877,0.98245614,0,285,1139,348,781,772522,0,0,0.881409639,0.892096006,0.784730869,0.923624446,0,0.32286946,0.364249353,0.394105719,0.993139469,0.671428571,0.866666667,0.476190476,0.809417989,0.897256513,285,0.51919799,0.063636364,0.974759615,0.682096809,0.130649484,1774,72,285,87,193,177463,0,0,composite,1,1,1,10,1,1,0
26,1.414043008,1.445281678,0.758172733,0.889430424,0,1.299240019,1.092515319,0,0.743859649,0.98245614,0,285,1139,348,780,772522,0,0,0.882475705,0.892869636,0.786353097,0.926694128,0,0.318532512,0.357774908,0.42603563,0.991051904,0.704761905,0.733333333,0.676190476,0.796719577,0.896043679,285,0.50548514,0.018181818,0.992788462,0.648371941,0.120881304,1774,72,285,87,193,177463,0,0,composite,1,1,1,10,1,1,0
27,1.402488981,1.435310541,0.752136494,0.890602503,0,1.313286903,1.112323637,0,0.736842105,0.98245614,0,285,1139,348,782,772522,0,0,0.876093181,0.887792916,0.772240023,0.924075736,0,0.332823883,0.375939715,0.452145969,0.991145539,0.634126984,0.877777778,0.39047619,0.792645503,0.888720646,285,0.529829545,0.090909091,0.96875,0.657408217,0.122123506,1774,72,285,87,193,177463,0,0,composite,1,1,1,10,1,1,0
28,1.439680596,1.474378314,0.743491564,0.892082078,0,1.328028945,1.111715091,0,0.768421053,0.992982456,0,285,1139,348,782,772522,0,0,0.87930764,0.890017183,0.783068397,0.920986616,0,0.323252559,0.368307252,0.408200669,0.992585889,0.685714286,0.8,0.571428571,0.796296296,0.89144377,285,0.529228584,0.090909091,0.967548077,0.650546329,0.115881994,1774,72,285,87,193,177463,0,0,composite,1,1,1,10,1,1,0
29,1.431882077,1.465619097,0.744664102,0.89022378,0,1.336256405,1.095346718,0,0.761403509,0.985964912,0,285,1139,348,782,772522,0,0,0.878527871,0.889934692,0.77288163,0.925986615,0,0.331592877,0.381866122,0.39396757,0.99410986,0.626190476,0.833333333,0.419047619,0.77989418,0.882813193,285,0.527086976,0.081818182,0.972355769,0.644711538,0.114974183,1774,72,285,87,193,177463,0,0,composite,1,1,1,10,1,1,0
30,1.981414462,2.046713453,0.748888568,0.89126237,0.628700069,1.335202663,1.100269937,1.097511468,0.743859649,0.985964912,0.978947368,285,1139,348,780,772522,712,7073,1.310247174,1.356723048,0.778891533,0.939040539,0.658014483,0.324452576,0.368543354,0.394624003,0.993212048,0.744047619,0.583333333,0.904761905,0.797037037,0.895575671,285,0.507888986,0.018181818,0.997596154,0.677365603,0.140260936,1774,72,285,87,193,177463,182,1774,composite,1,1,1,10,1,1,1
31,1.965511003,2.074741923,0.744732559,0.898799556,0.620884328,1.341752772,1.109071585,1.283528903,0.768421053,0.996491228,0.98245614,285,1139,348,783,772522,712,7073,1.272130161,1.337918394,0.772472763,0.919652992,0.648986682,0.331413775,0.379743508,0.483853849,0.990280921,0.682539682,0.755555556,0.609523809,0.793597884,0.891834897,285,0.530692745,0.081818182,0.979567308,0.684161932,0.137716659,1774,72,285,87,193,177463,182,1774,composite,1,1,1,10,1,1,1
32,1.90258922,2.029310116,0.737819037,0.890125247,0.620239453,1.334864225,1.100783855,1.423066883,0.757894737,0.964912281,0.968421053,285,1139,348,780,772522,712,7073,1.327458298,1.386484169,0.811919271,0.957463835,0.67018013,0.294618915,0.33704378,0.272083453,0.997193167,0.751587302,0.522222222,0.980952381,0.818465608,0.905571546,285,0.5,0,1,0.68169799,0.134481506,1774,72,285,87,193,177463,182,1774,composite,1,1,1,10,1,1,1
33,1.928272471,2.059381622,0.739422825,0.89627472,0.617883329,1.340369881,1.096457068,1.508784378,0.761403509,0.985964912,0.975438596,285,1139,348,782,772522,712,7073,1.277136796,1.346012032,0.770764304,0.921732248,0.654872158,0.332234471,0.381116374,0.457076899,0.991462148,0.624206349,0.905555556,0.342857143,0.804656085,0.899433636,285,0.535653409,0.118181818,0.953125,0.651983173,0.127090209,1774,72,285,87,193,177463,182,1774,composite,1,1,1,10,1,1,1
34,1.882041892,2.031618984,0.733671648,0.893002257,0.621007292,1.359016725,1.10358878,1.571651093,0.764912281,0.985964912,0.975438596,285,1139,348,782,772522,712,7073,1.263225373,1.336067305,0.773077799,0.920804914,0.645547972,0.33082311,0.380251916,0.527828648,0.988376977,0.686507936,0.877777778,0.495238095,0.815978836,0.901805497,285,0.546131993,0.109090909,0.983173077,0.664084353,0.14774954,1774,72,285,87,193,177463,182,1774,composite,1,1,1,10,1,1,1
35,1.883021602,2.036358223,0.729172083,0.893123901,0.609020463,1.359122531,1.095150285,1.630729596,0.757894737,0.996491228,0.985964912,285,1139,348,783,772522,712,7073,1.28723297,1.353855096,0.78402844,0.934985889,0.65587799,0.32176073,0.3626895,0.358517013,0.994457939,0.74484127,0.594444444,0.895238095,0.824021164,0.907701274,285,0.499699519,0,0.999399038,0.678204218,0.129527765,1774,72,285,87,193,177463,182,1774,composite,1,1,1,10,1,1,1
36,1.864667154,2.020976919,0.723010173,0.892391232,0.607221821,1.37793729,1.100153332,1.656985868,0.757894737,0.98245614,0.978947368,285,1139,348,782,772522,712,7073,1.267316523,1.339145875,0.772059196,0.924144403,0.645475661,0.330755028,0.378934605,0.418777855,0.992887763,0.64047619,0.9,0.380952381,0.819417989,0.90390286,285,0.554135708,0.154545455,0.953725962,0.669285402,0.135913176,1774,72,285,87,193,177463,182,1774,composite,1,1,1,10,1,1,1
37,1.854025075,2.013386466,0.724830173,0.894283943,0.599910982,1.38216807,1.097574805,1.670455263,0.771929825,0.978947368,0.968421053,285,1139,348,781,772522,712,7073,1.264093376,1.336131874,0.776630931,0.921793319,0.642255016,0.328404639,0.374722097,0.439689033,0.991737658,0.682142857,0.85,0.514285714,0.81010582,0.899299195,285,0.554698427,0.145454545,0.963942308,0.688144668,0.153868602,1774,72,285,87,193,177463,182,1774,composite,1,1,1,10,1,1,1
38,1.853597594,2.017897738,0.730745278,0.890947882,0.582139907,1.373628985,1.102949662,1.696839217,0.761403509,0.992982456,0.985964912,285,1139,348,782,772522,712,7073,1.281962829,1.349313238,0.774207031,0.933070952,0.651169558,0.329615899,0.376730853,0.472738929,0.990371118,0.68968254,0.855555556,0.523809524,0.79984127,0.894494473,285,0.549590253,0.145454545,0.953725962,0.68121722,0.145676076,1774,72,285,87,193,177463,182,1774,composite,1,1,1,10,1,1,1
39,1.85238675,2.021483851,0.714078694,0.891101029,0.591349927,1.370079064,1.106351721,1.720273751,0.789473684,0.992982456,0.975438596,285,1139,348,783,772522,712,7073,1.299026046,1.36038568,0.787651174,0.935499547,0.655780876,0.322138141,0.368683493,0.371160619,0.994348461,0.643650794,0.877777778,0.409523809,0.798941799,0.895185384,285,0.566346154,0.2,0.932692308,0.652731643,0.118371349,1774,72,285,87,193,177463,182,1774,composite,1,1,1,10,1,1,1
40,1.773493817,1.954188209,0.712686739,0.890945835,0.578667766,1.389424068,1.112679575,1.734160893,0.733333333,0.985964912,0.985964912,285,1139,348,779,772522,712,7073,1.303990728,1.362715566,0.770299172,0.939892984,0.660641526,0.333106728,0.376000858,0.488728887,0.989683403,0.618650794,0.894444444,0.342857143,0.794497354,0.890318998,285,0.552862762,0.209090909,0.896634615,0.655539773,0.113338985,1774,72,285,87,193,177463,182,1774,composite,1,1,1,10,1,1,1
41,1.813088673,1.994944252,0.705858952,0.89194442,0.580490151,1.395754849,1.116218257,1.752302995,0.757894737,0.992982456,0.989473684,285,1139,348,782,772522,712,7073,1.270287295,1.336703289,0.768114593,0.91881274,0.648577965,0.335715586,0.380012093,0.510907753,0.988947702,0.669047619,0.9,0.438095238,0.818201058,0.902495922,285,0.571716565,0.190909091,0.952524038,0.654783108,0.135687444,1774,72,285,87,193,177463,182,1774,composite,1,1,1,10,1,1,1
42,1.783372276,1.971167372,0.708879792,0.883401941,0.570320573,1.397268924,1.109928059,1.771871685,0.747368421,0.996491228,0.985964912,285,1139,348,780,772522,712,7073,1.306828149,1.365313931,0.778210434,0.949828028,0.658900407,0.326669354,0.37641384,0.412186357,0.993105743,0.68531746,0.761111111,0.609523809,0.804814815,0.898925696,285,0.545006556,0.127272727,0.962740385,0.662341565,0.115920794,1774,72,285,87,193,177463,182,1774,composite,1,1,1,10,1,1,1
43,1.808853442,1.995678,0.699902342,0.888057583,0.573611332,1.401645859,1.10395672,1.785776667,0.775438596,0.996491228,0.978947368,285,1139,348,782,772522,712,7073,1.299673853,1.361963472,0.784861426,0.950629791,0.648355267,0.32356609,0.367639696,0.398128522,0.993139199,0.680952381,0.8,0.561904762,0.821640212,0.903239214,285,0.552256337,0.136363636,0.968149038,0.66914882,0.123616054,1774,72,285,87,193,177463,182,1774,composite,1,1,1,10,1,1,1
44,1.722398736,1.9292136,0.704889567,0.885188369,0.551285167,1.409130862,1.107730113,1.797686617,0.757894737,0.985964912,0.98245614,285,1139,348,780,772522,712,7073,1.319071359,1.373030931,0.770162174,0.961556527,0.659049145,0.333927998,0.378616236,0.449030194,0.991618926,0.646428571,0.816666667,0.476190476,0.791216931,0.889821994,285,0.563904065,0.190909091,0.936899038,0.644312719,0.111133097,1774,72,285,87,193,177463,182,1774,composite,1,1,1,10,1,1,1
45,1.761897386,1.965914657,0.698798003,0.883953101,0.549460953,1.414183941,1.121110831,1.824924946,0.8,0.985964912,0.978947368,285,1139,348,780,772522,712,7073,1.345693272,1.39025255,0.770334532,0.975178514,0.672190348,0.334246544,0.38251163,0.455437763,0.991555943,0.682539682,0.822222222,0.542857143,0.802010582,0.894681401,285,0.552371066,0.163636364,0.941105769,0.622164554,0.105838299,1774,72,285,87,193,177463,182,1774,composite,1,1,1,10,1,1,1
46,1.745835977,1.953796285,0.692304157,0.893542743,0.544416485,1.423585164,1.12232661,1.839633616,0.754385965,0.989473684,0.989473684,285,1139,348,782,772522,712,7073,1.338364851,1.380105091,0.764935552,0.954690414,0.678861928,0.33796175,0.384949925,0.429278933,0.99275244,0.653968254,0.822222222,0.485714286,0.797724868,0.89224905,285,0.546700175,0.172727273,0.920673077,0.628665865,0.103299535,1774,72,285,87,193,177463,182,1774,composite,1,1,1,10,1,1,1
47,1.746512716,1.96074797,0.688954573,0.883592312,0.541788664,1.43109502,1.108929399,1.847453833,0.78245614,0.992982456,0.98245614,285,1139,348,783,772522,712,7073,1.315917632,1.368632437,0.775159982,0.949647156,0.658610119,0.329107167,0.373574054,0.487718228,0.989719264,0.665079365,0.911111111,0.419047619,0.810846561,0.897507487,285,0.585882867,0.272727273,0.899038462,0.676677229,0.140372281,1774,72,285,87,193,177463,182,1774,composite,1,1,1,10,1,1,1
48,1.686242201,1.913716663,0.686631806,0.885156682,0.527956833,1.441652303,1.105471631,1.872884825,0.768421053,0.978947368,0.978947368,285,1139,348,780,772522,712,7073,1.337005572,1.378769669,0.77590792,0.955821126,0.671690227,0.329089992,0.374445354,0.374985327,0.994485259,0.705555556,0.811111111,0.6,0.803121693,0.897430333,285,0.54564576,0.136363636,0.954927885,0.625152972,0.107996523,1774,72,285,87,193,177463,182,1774,composite,1,1,1,10,1,1,1
49,1.681944332,1.919742841,0.681820828,0.891388443,0.529379581,1.444828596,1.104492445,1.889415533,0.771929825,0.989473684,0.992982456,285,1139,348,781,772522,712,7073,1.352966791,1.389289947,0.779344483,0.958025313,0.673430456,0.325545352,0.371671052,0.415831988,0.992707484,0.616666667,0.9,0.333333333,0.795132275,0.892740836,285,0.590204327,0.3,0.880408654,0.656392045,0.130957038,1774,72,285,87,193,177463,182,1774,composite,1,1,1,10,1,1,1
50,1.654744626,1.902993081,0.678054932,0.891040029,0.508442616,1.455668911,1.106963446,1.920859582,0.754385965,0.989473684,0.985964912,285,1139,348,780,772522,712,7073,1.393460941,1.417070266,0.76424901,1.002985289,0.689711642,0.338087906,0.388111085,0.498675349,0.990166412,0.712698413,0.711111111,0.714285714,0.79015873,0.890227527,285,0.520137675,0.072727273,0.967548077,0.614597902,0.092067773,1774,72,285,87,193,177463,182,1774,composite,1,1,1,10,1,1,1
51,1.677736277,1.932297684,0.679477744,0.893020355,0.503168841,1.459152968,1.103068079,1.945730191,0.792982456,0.996491228,0.989473684,285,1139,348,783,772522,712,7073,1.38894827,1.407452109,0.775384382,0.975245538,0.692346735,0.328683495,0.381477074,0.506179494,0.989258897,0.687301587,0.822222222,0.552380952,0.790793651,0.889789423,285,0.562439904,0.2,0.924879808,0.62106097,0.103174176,1774,72,285,87,193,177463,182,1774,composite,1,1,1,10,1,1,1
52,1.590628354,1.869495045,0.674458345,0.904660001,0.47677284,1.46320186,1.104301644,1.991160008,0.771929825,0.985964912,0.978947368,285,1139,348,783,772522,712,7073,1.571112457,1.527228764,0.816376165,1.061429282,0.762741678,0.295066717,0.351376812,0.308261062,0.996432991,0.677777778,0.688888889,0.666666667,0.782275132,0.882353304,285,0.512325175,0.072727273,0.951923077,0.563570804,0.082061744,1774,72,285,87,193,177463,182,1774,composite,1,1,1,10,1,1,1
53,1.577604979,1.855437803,0.675089947,0.895492266,0.473841869,1.468158909,1.106758325,2.020390476,0.771929825,0.978947368,0.975438596,285,1139,348,781,772522,712,7073,1.457797717,1.44516003,0.784357432,0.990071086,0.717094844,0.323404874,0.371937196,0.426865916,0.992198923,0.598412698,0.911111111,0.285714286,0.797936508,0.894738395,285,0.593438593,0.354545455,0.832331731,0.653125,0.144332655,1774,72,285,87,193,177463,182,1774,composite,1,1,1,10,1,1,1
54,1.544639202,1.838338761,0.669372634,0.899040762,0.458035955,1.481995775,1.10859593,2.053564086,0.750877193,0.98245614,0.978947368,285,1139,348,780,772522,712,7073,1.43309377,1.430935214,0.783557523,0.994385267,0.69317596,0.323687799,0.369925054,0.381488651,0.994166975,0.607142857,0.9,0.314285714,0.781111111,0.883923008,285,0.550458916,0.209090909,0.891826923,0.646197552,0.112428067,1774,72,285,87,193,177463,182,1774,composite,1,1,1,10,1,1,1
55,1.546791577,1.854097739,0.674250511,0.904000861,0.448245758,1.478466219,1.099597063,2.093861517,0.764912281,0.98245614,0.98245614,285,1139,348,780,772522,712,7073,1.503038096,1.478249943,0.76888329,1.05173711,0.71552496,0.336772394,0.385981022,0.433773494,0.992667814,0.641666667,0.816666667,0.466666667,0.788783069,0.890728669,285,0.557293488,0.190909091,0.923677885,0.620208698,0.106391269,1774,72,285,87,193,177463,182,1774,composite,1,1,1,10,1,1,1
56,1.524658411,1.840658099,0.657739552,0.907725562,0.444281082,1.473417423,1.101794588,2.139331606,0.764912281,0.985964912,0.98245614,285,1139,348,781,772522,712,7073,1.503531204,1.472389867,0.780194,1.035952883,0.719980084,0.330000345,0.378794437,0.393371855,0.994036109,0.701190476,0.783333333,0.619047619,0.797354497,0.893182361,285,0.552032343,0.154545455,0.949519231,0.624726836,0.115147006,1774,72,285,87,193,177463,182,1774,composite,1,1,1,10,1,1,1
57,1.523960322,1.84528627,0.66593972,0.909565297,0.439349285,1.487815284,1.092287411,2.165509845,0.764912281,0.978947368,0.985964912,285,1139,348,779,772522,712,7073,1.607216985,1.525806998,0.800211861,1.053485445,0.76774532,0.308444613,0.360820881,0.367595392,0.994363745,0.668253968,0.822222222,0.514285714,0.753492063,0.869891347,285,0.523295455,0.109090909,0.9375,0.575071023,0.081439212,1774,72,285,87,193,177463,182,1774,composite,1,1,1,10,1,1,1
58,1.493432655,1.829733702,0.665541881,0.906780925,0.430546257,1.496939028,1.092899193,2.205438564,0.778947368,0.98245614,0.98245614,285,1139,348,781,772522,712,7073,1.49324909,1.458419907,0.778786607,1.02266627,0.713248616,0.326333779,0.380506081,0.442739649,0.992233829,0.654365079,0.794444444,0.514285714,0.781746032,0.886142907,285,0.544219843,0.154545455,0.933894231,0.638527098,0.10496872,1774,72,285,87,193,177463,182,1774,composite,1,1,1,10,1,1,1
59,1.50759421,1.855075086,0.662648355,0.924342321,0.413877005,1.497632418,1.087583196,2.225460108,0.785964912,0.98245614,0.985964912,285,1139,348,781,772522,712,7073,1.540994826,1.487065341,0.76647669,1.060742842,0.725491587,0.336786831,0.395871673,0.422831049,0.993865898,0.673412698,0.794444444,0.552380952,0.784814815,0.886950052,285,0.532949082,0.118181818,0.947716346,0.633511801,0.099879829,1774,72,285,87,193,177463,182,1774,composite,1,1,1,10,1,1,1
60,1.431914706,1.813986834,0.648224661,0.917899143,0.416559389,1.50153705,1.082856556,2.268829455,0.778947368,0.975438596,0.989473684,285,1139,348,777,772522,712,7073,1.500159802,1.456076103,0.766194407,1.031586665,0.708899563,0.339764103,0.387728097,0.437952259,0.992676396,0.696428571,0.783333333,0.609523809,0.796349206,0.893231754,285,0.563827579,0.172727273,0.954927885,0.633637456,0.112771404,1774,72,285,87,193,177463,182,1774,composite,1,1,1,10,1,1,1
61,1.421321725,1.794571605,0.648064962,0.916176134,0.408778694,1.515007635,1.079493003,2.304737816,0.775438596,0.978947368,0.978947368,285,1139,348,777,772522,712,7073,1.663288692,1.549292686,0.785875412,1.097101495,0.77541638,0.321980362,0.377621577,0.380132703,0.99466476,0.709126984,0.694444444,0.723809524,0.795132275,0.892635256,285,0.516794143,0.063636364,0.969951923,0.577349213,0.087856167,1774,72,285,87,193,177463,182,1774,composite,1,1,1,10,1,1,1
62,1.427294844,1.824293562,0.649918426,0.933361281,0.391384271,1.518298437,1.076732671,2.347208874,0.78245614,0.978947368,0.992982456,285,1139,348,778,772522,712,7073,1.544609366,1.475897623,0.775691513,1.048947173,0.71920934,0.331024554,0.38294218,0.374239674,0.995173707,0.681746032,0.744444444,0.619047619,0.791957672,0.891376913,285,0.527463942,0.1,0.954927885,0.621689248,0.098279473,1774,72,285,87,193,177463,182,1774,composite,1,1,1,10,1,1,1
63,1.386376904,1.796973947,0.646938536,0.930780415,0.376264199,1.521093274,1.071551325,2.381819413,0.764912281,0.98245614,0.978947368,285,1139,348,781,772522,712,7073,1.557685615,1.471138666,0.775224103,1.024974955,0.728776583,0.331188715,0.386283723,0.392008119,0.994651266,0.66468254,0.805555556,0.523809524,0.791005291,0.888784291,285,0.527840909,0.118181818,0.9375,0.614259178,0.093364969,1774,72,285,87,193,177463,182,1774,composite,1,1,1,10,1,1,1
64,1.320094411,1.745366697,0.64695768,0.929740733,0.372437651,1.53394728,1.066817709,2.429553091,0.729824561,0.989473684,0.975438596,285,1139,348,781,772522,712,7073,1.655533702,1.522776586,0.776669249,1.06578369,0.772370025,0.329787539,0.386419189,0.420826247,0.9934297,0.680555556,0.761111111,0.6,0.786243386,0.887191862,285,0.526600743,0.109090909,0.944110577,0.595388986,0.091789416,1774,72,285,87,193,177463,182,1774,composite,1,1,1,10,1,1,1
65,1.323968192,1.759090566,0.644712063,0.927756114,0.367246376,1.530707527,1.070822963,2.467304829,0.78245614,0.98245614,0.978947368,285,1139,348,780,772522,712,7073,1.698412326,1.553287214,0.779176235,1.106691386,0.769977183,0.330564703,0.385207222,0.399885575,0.994300109,0.706349206,0.755555556,0.657142857,0.783492063,0.886303953,285,0.515067745,0.081818182,0.948317308,0.624005682,0.096751136,1774,72,285,87,193,177463,182,1774,composite,1,1,1,10,1,1,1
66,1.264590822,1.722538253,0.646877507,0.934389647,0.36180437,1.534140547,1.071864745,2.510673618,0.740350877,0.978947368,0.975438596,285,1139,348,781,772522,712,7073,1.652970666,1.524899146,0.7761008,1.094626957,0.73917666,0.332871363,0.384473853,0.420805819,0.993415995,0.663888889,0.794444444,0.533333333,0.79026455,0.890378679,285,0.528665865,0.1,0.957331731,0.645574738,0.102784916,1774,72,285,87,193,177463,182,1774,composite,1,1,1,10,1,1,1
67,1.305463972,1.769618122,0.638443366,0.934194145,0.350267732,1.543920495,1.071955081,2.54513422,0.796491228,0.98245614,0.978947368,285,1139,348,781,772522,712,7073,1.764088543,1.583721021,0.783946411,1.138089707,0.781543449,0.326038252,0.379030845,0.392237015,0.994338169,0.699206349,0.655555556,0.742857143,0.776243386,0.884770673,285,0.501316652,0.027272727,0.975360577,0.604490822,0.094466717,1774,72,285,87,193,177463,182,1774,composite,1,1,1,10,1,1,1
68,1.259777422,1.767179639,0.637799595,0.953033031,0.32204602,1.543680339,1.066028526,2.591986434,0.785964912,0.975438596,0.989473684,285,1139,348,778,772522,712,7073,1.721085742,1.543326796,0.782855981,1.089901939,0.758668102,0.326841779,0.380888506,0.387432006,0.994673369,0.645634921,0.805555556,0.485714286,0.773650794,0.880596405,285,0.547863855,0.163636364,0.932091346,0.625808566,0.096867582,1774,72,285,87,193,177463,182,1774,composite,1,1,1,10,1,1,1
69,1.234250894,1.734716151,0.63166327,0.962118192,0.323122992,1.548659359,1.063451727,2.641270924,0.740350877,0.978947368,0.989473684,285,1139,348,779,772522,712,7073,1.791905286,1.582592409,0.792719659,1.119904191,0.789744223,0.319637593,0.374637254,0.363561967,0.99527,0.647619048,0.8,0.495238095,0.769365079,0.878362959,285,0.555113636,0.172727273,0.9375,0.613210227,0.099425916,1774,72,285,87,193,177463,182,1774,composite,1,1,1,10,1,1,1
70,1.231458965,1.752027749,0.631726133,0.958179703,0.317721531,1.551555823,1.057571792,2.679760284,0.768421053,0.992982456,0.989473684,285,1139,348,783,772522,712,7073,1.729074898,1.540302701,0.773150034,1.09541509,0.763679312,0.335219824,0.388761521,0.466915439,0.99164486,0.682936508,0.794444444,0.571428571,0.786190476,0.886881497,285,0.550005463,0.172727273,0.927283654,0.644848121,0.120898335,1774,72,285,87,193,177463,182,1774,composite,1,1,1,10,1,1,1
71,1.214777154,1.74358371,0.636347265,0.959447339,0.320863283,1.556000157,1.056157405,2.723873224,0.761403509,0.978947368,0.978947368,285,1139,348,781,772522,712,7073,1.750169841,1.550631334,0.781614428,1.114740169,0.758143856,0.32703525,0.378470773,0.41657337,0.993284361,0.695634921,0.705555556,0.685714286,0.780582011,0.886387372,285,0.518034309,0.072727273,0.963341346,0.628846154,0.103829922,1774,72,285,87,193,177463,182,1774,composite,1,1,1,10,1,1,1
72,1.17397011,1.709848227,0.628802278,0.94377556,0.313661959,1.560020241,1.053117003,2.76042421,0.775438596,0.98245614,0.975438596,285,1139,348,781,772522,712,7073,1.834316641,1.598234744,0.792413658,1.157929709,0.780257843,0.317212452,0.369743463,0.369781427,0.994861818,0.69047619,0.666666667,0.714285714,0.777407407,0.884911417,285,0.514690778,0.063636364,0.965745192,0.613428759,0.096606423,1774,72,285,87,193,177463,182,1774,composite,1,1,1,10,1,1,1
73,1.166143357,1.718264239,0.621864458,0.956774845,0.309239774,1.564909172,1.051789667,2.799120196,0.764912281,0.978947368,0.98245614,285,1139,348,780,772522,712,7073,1.746636002,1.536912482,0.782148035,1.095305081,0.757080485,0.329130203,0.380030942,0.393779015,0.99423213,0.667460317,0.811111111,0.523809524,0.792169312,0.891300719,285,0.565182474,0.209090909,0.921274038,0.650284091,0.128215605,1774,72,285,87,193,177463,182,1774,composite,1,1,1,10,1,1,1
74,1.159125208,1.721105666,0.623096745,0.956944157,0.292993006,1.568897419,1.049390547,2.829532609,0.778947368,0.978947368,0.975438596,285,1139,348,780,772522,712,7073,1.800750564,1.560415161,0.782081849,1.116260646,0.772008983,0.327303814,0.380548007,0.402226498,0.993908297,0.676587302,0.772222222,0.580952381,0.793174603,0.891774982,285,0.531446678,0.118181818,0.944711538,0.639401224,0.103712436,1774,72,285,87,193,177463,182,1774,composite,1,1,1,10,1,1,1
75,1.177613896,1.737533942,0.62608407,0.961109694,0.303123509,1.573676364,1.047011375,2.859452529,0.761403509,0.989473684,0.98245614,285,1139,348,783,772522,712,7073,1.850364572,1.590985252,0.781626275,1.150109381,0.784183781,0.328505801,0.381842309,0.425821025,0.993068135,0.654761905,0.766666667,0.542857143,0.778835979,0.884619405,285,0.542378715,0.145454545,0.939302885,0.657725087,0.139472246,1774,72,285,87,193,177463,182,1774,composite,1,1,1,10,1,1,1
76,1.106952932,1.717951368,0.619139534,0.96288505,0.281999389,1.574919858,1.044265822,2.898249304,0.785964912,0.992982456,0.985964912,285,1139,348,783,772522,712,7073,1.974638394,1.648065275,0.786606144,1.192933868,0.821451055,0.32473124,0.37836533,0.386944872,0.994526162,0.692460317,0.661111111,0.723809524,0.794126984,0.893332625,285,0.519798951,0.063636364,0.975961538,0.622923951,0.103090546,1774,72,285,87,193,177463,182,1774,composite,1,1,1,10,1,1,1
77,1.092618013,1.694061427,0.624596755,0.961143461,0.284649889,1.578793818,1.043797379,2.927946472,0.771929825,0.968421053,0.968421053,285,1139,348,777,772522,712,7073,2.013166989,1.663752036,0.776702899,1.209092084,0.833401418,0.333862601,0.38627928,0.414817733,0.993773693,0.704761905,0.733333333,0.676190476,0.792962963,0.893180376,285,0.524420892,0.090909091,0.957932692,0.628928103,0.108543259,1774,72,285,87,193,177463,182,1774,composite,1,1,1,10,1,1,1
78,1.113434387,1.707397491,0.620866375,0.984967539,0.295359999,1.579474934,1.04211374,2.95976865,0.768421053,0.978947368,0.985964912,285,1139,348,779,772522,712,7073,1.988047557,1.649914518,0.790914023,1.193553227,0.817415137,0.322833281,0.375448615,0.39144246,0.994253318,0.66468254,0.738888889,0.59047619,0.77957672,0.885654392,285,0.549027535,0.154545455,0.943509615,0.635915647,0.111944995,1774,72,285,87,193,177463,182,1774,composite,1,1,1,10,1,1,1
79,1.062062373,1.70933305,0.61371346,0.984846213,0.273886798,1.582267292,1.04135199,2.991227065,0.792982456,0.989473684,0.985964912,285,1139,348,783,772522,712,7073,1.985477348,1.637321931,0.782571854,1.18026225,0.817168467,0.328057638,0.38183102,0.408362336,0.993864696,0.63015873,0.755555556,0.504761905,0.768835979,0.879767305,285,0.519990166,0.109090909,0.930889423,0.616242351,0.090331665,1774,72,285,87,193,177463,182,1774,composite,1,1,1,10,1,1,1
80,1.073440545,1.673110652,0.61946177,0.978798026,0.282881977,1.584412415,1.040411183,3.014815121,0.729824561,0.971929825,0.957894737,285,1139,348,782,772522,712,7073,1.964802354,1.619436125,0.782336523,1.160625661,0.81143549,0.3286258,0.382061393,0.413331571,0.993643255,0.663888889,0.727777778,0.6,0.778835979,0.885988353,285,0.529004589,0.109090909,0.948918269,0.633238636,0.100496605,1774,72,285,87,193,177463,182,1774,composite,1,1,1,10,1,1,1
